SKU,Model Numbers
1002106352,760842
1000334460,40151
1004041873,HOTC5209B21M
1003374556,P3GW25
1002747698,585340
1002426706,F24807
1000058619,00630
1001252405,688111
1000240925,658156
1002266057,767158
1002162710,752845
1002853503,H36TR6XD
1002826195,RMAP350000
1001217150,5101DOJ
1001810088,D0740P
1004087710,3212CLBLEC.08
1001907031,7600R
1003560472,RY40540
1004162602,RY40405BTL
1000334460,40151
1004162602,RY40405BTL
1003599575,689732718294
1002266057,767158
1000578367,654828
1001578289,715872
1000334460,40151
1000732032,E3-CA
1001607038,7540B-10
1000767234,GD 52169
1003817953,103439-211
1001556000,715875
1003817953,103439-211
1003586673,585225
1000060230,UR-364BLK
1003078654,8734301
1000114795,7637
1001607038,7540B-10
1003817953,103439-211
1000060230,UR-364BLK
1003173838,RY141812G
1000060230,UR-364BLK
1002439499,8.756-105.0
1001554388,5133-1
1001623927,603255
1002268444,761754
1000240512,MKJKIT
1000334460,40151
1003099391,P90899 M 07.5
1002268438,756899
1003066611,RY40230-4X
1004087710,3212CLBLEC.08
1003981742,RY40930
1001253091,689534
1000396844,668191
1002064045,SUA2000i
1000472240,598498
1000785604,30700
1000828581,UB400
1003066611,RY40230-4X
1000707319,437533
1000541268,462282
1002724434,233663
1002212555,250084
1001189656,687262
1002430251,1393500
1000060230,UR-364BLK
1000060230,UR-364BLK
1001008825,683635
1000060230,UR-364BLK
1000727413,1000727413
1000399359,562819
1002106352,760842
1003897627,ZRP2190
1000130417,MR482478W5
1002088784,755220
1003374556,P3GW25
1002811927,AH-JKT-5V-1-BW-
1001578288,719883
1002107708,765504
1002106352,760842
1000334460,40151
1000060230,UR-364BLK
1002268444,761754
1002268438,756899
1002462630,766230
1002826195,RMAP350000
1003180983,680070-CG
1000724222,EW6-21BL
1000579335,623371
1001595965,9389
1003817953,103439-211
1000060230,UR-364BLK
1000240925,658156
1004353301,P2900BTL
1001185924,690308
1004087710,3212CLBLEC.08
1000112428,68320
1000785604,30700
1001996535,MWC46-9BK
1000579280,654831
1000578367,654828
1000670829,R0600U1U1SL20
1003016931,RY40180-Y
